model,ade,ai2d,blink,chartqa,coco,docvqa,gqa,infovqa,mathvista,mmbench_cn,mmbench_en,mme,mmmu,mmstar,mmvet,mmvp,ocrbench,pope,qbench,realworldqa,scienceqa,seed,stvqa,synthdog,textvqa,vizwiz,vstar
plm_1b_all_categories,49.44707740916271,53.983160621761655,46.45161290322581,68.2,60.49689440993789,34.0,57.89473684210526,,10.0,1.7211703958691895,55.06382978723404,1272.9872949179671,30.11111111111111,32.86666666666667,29.1,25.33333333333333,59.3,87.87777777777778,67.9144385026738,56.60130718954248,69.41001487357461,65.79779385934097,66.0,60.2,60.488,54.677008566797866,43.97905759162304
plm_1b_only_ocr,36.49289099526066,48.57512953367876,34.80453972257251,26.76,35.03105590062111,,11.567816823024328,,2.9,2.83993115318416,12.34042553191489,257.6825730292117,29.22222222222222,21.933333333333334,,2.0,2.0,31.944444444444443,35.58528428093645,28.62745098039216,5999.008428358949,31.92580622497013,,0.0,17.276,33.040055568418616,35.07853403141361
plm_1b_no_language,45.97156398104265,51.97538860103627,45.523329129886505,64.88,55.90062111801242,,54.53967244394976,,8.4,16.43717728055077,46.63829787234042,1175.6048419367746,26.77777777777778,32.666666666666664,,17.333333333333332,53.8,87.22222222222223,64.54849498327759,54.248366013071895,6846.8021814576105,61.919482891871006,,54.6,54.016000000000005,47.94165316045381,40.83769633507853
plm_1b_stage1,7.740916271721949,2.2344559585492227,0.0,0.04,6.2111801242236,,0.0,,0.0,,0.0,0.0,2.0,,,0.0,0.0,0.0,0.13377926421404,0.0,0.0,4.517670203049249,,0.0,0.0,0.0,4.712041884816754
plm_1b_no_ocr,42.18009478672986,50.58290155440415,43.50567465321563,48.0,50.931677018633536,,54.66687867705517,,6.0,9.89672977624784,48.08510638297872,1198.1995798319329,27.44444444444444,29.0,,18.666666666666668,41.8,88.03333333333333,65.28428093645485,52.15686274509804,6906.296479920674,62.600997681444525,,0.0,53.624,50.56957629080806,39.79057591623037
plm_1b_only_general,31.27962085308057,52.461139896373055,33.54350567465322,58.56,40.37267080745341,,61.36110669422802,,7.0,9.55249569707401,52.34042553191489,1269.3085234093635,18.33333333333333,24.4,,21.33333333333333,50.7,88.0,67.89297658862876,59.08496732026144,6747.645017352504,65.87507904166374,,0.0,59.17600000000001,56.24218569113221,53.92670157068063
