model,gqa,vizwiz,scienceqa,textvqa,pope,mme,mmbench_en,mmbench_cn,seed,mmvet,mmmu,mathvista,ai2d,chartqa,infovqa,stvqa,ocrbench,mmstar,realworldqa,qbench,blink,mmvp,vstar,ade,coco,synthdog
plm_1b_cambrian7M_stage2_1024_baseline1,57.89473684210526,54.677008566797866,69.41001487357461,60.488,87.87777777777778,1272.9872949179671,55.06382978723404,1.7211703958691897,65.79779385934097,,30.11111111111111,10.0,53.983160621761655,68.2,,,59.3,32.86666666666667,56.60130718954248,67.9144385026738,46.45161290322581,25.33333333333333,43.97905759162304,49.44707740916271,60.49689440993789,60.199999999999996
